1/(n_i^2),1/ lambda,d (1/ lambda)
0.111111111,1460800.874,23129.23045
0.0625,2019081.142,36202.48775
0.04,2227763.699,74148.68644
